Latitude,Longitude,Score
42.33432068391425,-83.0535824215794,1.8196084305730991
42.33432068391425,-83.05553957697427,1.8133063488273224
42.332873841957124,-83.0535824215794,1.8108406873796532
42.332873841957124,-83.05162526618456,1.8068587121929096
42.335767525871375,-83.0535824215794,1.8011174346636043
42.332873841957124,-83.05553957697427,1.7983981807662544
42.331427,-83.0535824215794,1.7969875348621922
42.331427,-83.05162526618456,1.7923164914500618
42.335767525871375,-83.05553957697427,1.789897265531289
42.331427,-83.05553957697427,1.7826351165397571
42.33432068391425,-83.05162526618456,1.7801408785816335
42.33432068391425,-83.05749673236912,1.7787312450535349
42.332873841957124,-83.05749673236912,1.7696293974957842
42.32998015804287,-83.05749673236912,1.7584498154332451
42.32998015804287,-83.05945388776396,1.7577050193703783
42.32998015804287,-83.05553957697427,1.7551575944583893
42.331427,-83.05749673236912,1.7542238598071869
42.335767525871375,-83.05749673236912,1.7507924881907471
42.32998015804287,-83.06141104315883,1.75041866432574
42.335767525871375,-83.05162526618456,1.7493101983211723
42.32998015804287,-83.0535824215794,1.7461135317310055
42.331427,-83.05945388776396,1.7421004788764192
42.332873841957124,-83.04966811078971,1.7397167818953592
42.328533316085746,-83.06336819855368,1.7394424753516526
42.33721436782851,-83.0535824215794,1.7390079544692925
42.328533316085746,-83.06141104315883,1.7379647050316285
42.328533316085746,-83.05945388776396,1.7334836947815917
42.331427,-83.04966811078971,1.7327702175968356
42.328533316085746,-83.05749673236912,1.7260429745153871
42.33432068391425,-83.05945388776396,1.7243755842578437
42.32998015804287,-83.05162526618456,1.7241729664022454
42.33721436782851,-83.05553957697427,1.7230487025452663
42.332873841957124,-83.05945388776396,1.7227063025776739
42.331427,-83.06141104315883,1.7220021154746832
42.32998015804287,-83.06336819855368,1.7217208373661528
42.328533316085746,-83.05553957697427,1.7139239634446235
42.328533316085746,-83.0535824215794,1.693772934052407
42.335767525871375,-83.05945388776396,1.6928948693418342
42.332873841957124,-83.06141104315883,1.692600908915209
42.33721436782851,-83.05749673236912,1.6855786419793259
42.331427,-83.06336819855368,1.6839060192375448
42.33432068391425,-83.04966811078971,1.679767035064001
42.33721436782851,-83.05162526618456,1.6788972810018596
42.32998015804287,-83.04966811078971,1.6755330488757374
42.32708647412862,-83.05945388776396,1.666237615669699
42.32708647412862,-83.06141104315883,1.6652499439507678
42.33432068391425,-83.06141104315883,1.6645304100000644
42.328533316085746,-83.05162526618456,1.6597945263042799
42.32708647412862,-83.05749673236912,1.6572727313047817
42.32998015804287,-83.06532535394854,1.6510772059436531
42.332873841957124,-83.06336819855368,1.6497789206947246
42.328533316085746,-83.06532535394854,1.6400223652897308
42.32708647412862,-83.06336819855368,1.6400095257972305
42.335767525871375,-83.04966811078971,1.6399916492720428
42.32708647412862,-83.05553957697427,1.639964709360713
42.33721436782851,-83.05945388776396,1.6294165114377404
42.331427,-83.06532535394854,1.6221660063041523
42.33432068391425,-83.06336819855368,1.6209167629880157
42.335767525871375,-83.06141104315883,1.61781012383218
42.331427,-83.04771095539485,1.6157757370909447
42.32708647412862,-83.0535824215794,1.612230822472509
42.338661209785634,-83.05553957697427,1.611069730101115
42.338661209785634,-83.0535824215794,1.6065771890269982
42.332873841957124,-83.04771095539485,1.6053315348748372
42.328533316085746,-83.04966811078971,1.6050991856138206
42.32998015804287,-83.04771095539485,1.598670872449103
42.332873841957124,-83.06532535394854,1.5867447876531298
42.338661209785634,-83.05749673236912,1.5856626383225105
42.335767525871375,-83.06336819855368,1.5732406821678713
42.32708647412862,-83.05162526618456,1.5701877657711045
42.32708647412862,-83.06532535394854,1.5699855319454377
42.32563963217149,-83.05945388776396,1.5648295177336404
42.33432068391425,-83.06532535394854,1.559705216926023
42.32998015804287,-83.06728250934339,1.5596007822870894
42.32563963217149,-83.05749673236912,1.5582366793435485
42.32563963217149,-83.06141104315883,1.5559741392443598
42.33721436782851,-83.06141104315883,1.5554803902388863
42.33721436782851,-83.04966811078971,1.5469734788395284
42.33432068391425,-83.04771095539485,1.5432709532187847
42.331427,-83.06728250934339,1.542647302312725
42.338661209785634,-83.05162526618456,1.5412559262087933
42.32563963217149,-83.05553957697427,1.539213022561047
42.328533316085746,-83.06728250934339,1.538651217435298
42.338661209785634,-83.05945388776396,1.5367928713576453
42.328533316085746,-83.04771095539485,1.5254325398496911
42.32563963217149,-83.06336819855368,1.5241236941442913
42.335767525871375,-83.06532535394854,1.5133364888645897
42.32708647412862,-83.04966811078971,1.5093207884707769
42.33721436782851,-83.06336819855368,1.5089608947045994
42.32563963217149,-83.0535824215794,1.507373420865501
42.332873841957124,-83.06728250934339,1.5057492341449259
42.331427,-83.0457538,1.5015409795919132
42.32998015804287,-83.0457538,1.4982152577531542
42.32998015804287,-83.06923966473823,1.4890897187074053
42.33432068391425,-83.06728250934339,1.4819051566551362
42.331427,-83.06923966473823,1.4813292071617585
42.32708647412862,-83.06728250934339,1.4764396539475166
42.335767525871375,-83.04771095539485,1.4722568125892921
42.34010805174276,-83.05553957697427,1.4711958138036698
42.338661209785634,-83.06141104315883,1.4701576775066105
42.328533316085746,-83.06923966473823,1.4655541794538682
42.32563963217149,-83.06532535394854,1.4640076567774063
42.32563963217149,-83.05162526618456,1.460543466978504
42.34010805174276,-83.05749673236912,1.459252458830123
42.33721436782851,-83.06532535394854,1.4502744325670462
42.34010805174276,-83.0535824215794,1.4500131509866947
42.338661209785634,-83.04966811078971,1.4489567489987702
42.332873841957124,-83.06923966473823,1.4445710821446802
42.332873841957124,-83.0457538,1.4437703807460034
42.335767525871375,-83.06728250934339,1.4421018751560866
42.32419279021436,-83.05945388776396,1.4407932577576272
42.32998015804287,-83.0711968201331,1.4382117652549351
42.331427,-83.0711968201331,1.4380080622172273
42.32419279021436,-83.05749673236912,1.4366235247266603
42.338661209785634,-83.06336819855368,1.4305610600977785
42.33432068391425,-83.06923966473823,1.4299875731716316
42.32419279021436,-83.06141104315883,1.4279919645310575
42.32708647412862,-83.04771095539485,1.4254909547133545
42.34010805174276,-83.05945388776396,1.4201635252145084
42.32419279021436,-83.05553957697427,1.4176436662041738
42.33721436782851,-83.04771095539485,1.4158977607323791
42.328533316085746,-83.0457538,1.4146049935038181
42.34010805174276,-83.05162526618456,1.4136890013863743
42.32708647412862,-83.06923966473823,1.4121768833229362
42.328533316085746,-83.0711968201331,1.4074686041704534
42.332873841957124,-83.0711968201331,1.4047071060325926
42.331427,-83.04379664460515,1.3993486786368057
42.33432068391425,-83.0457538,1.3986785226262197
42.335767525871375,-83.06923966473823,1.3979483851402521
42.33721436782851,-83.06728250934339,1.3971486240690414
42.32563963217149,-83.04966811078971,1.395842880916863
42.32419279021436,-83.06336819855368,1.3948494176147352
42.331427,-83.07315397552794,1.3922790468921593
42.32419279021436,-83.0535824215794,1.3841636863488154
42.32563963217149,-83.06728250934339,1.3836199165275995
42.32998015804287,-83.07315397552794,1.3828483885544007
42.34010805174276,-83.06141104315883,1.3780832605071553
42.33432068391425,-83.0711968201331,1.3733772082124036
42.338661209785634,-83.06532535394854,1.3731273304587095
42.332873841957124,-83.04379664460515,1.3653047089300363
42.332873841957124,-83.07315397552794,1.3587818176487347
42.32998015804287,-83.04379664460515,1.3578205974950026
42.33721436782851,-83.06923966473823,1.3517196317048779
42.32708647412862,-83.0711968201331,1.351133357588767
42.331427,-83.07511113092279,1.3446524015056425
42.328533316085746,-83.07315397552794,1.3422431212626789
42.338661209785634,-83.06728250934339,1.3415193825912288
42.34010805174276,-83.06336819855368,1.3404395168483345
42.32419279021436,-83.06532535394854,1.339695099145497
42.335767525871375,-83.0711968201331,1.338854229473966
42.34010805174276,-83.04966811078971,1.3382768354102843
42.341554893699886,-83.05553957697427,1.3381773874565075
42.32419279021436,-83.05162526618456,1.3351734058856963
42.32563963217149,-83.06923966473823,1.3344941809166406
42.338661209785634,-83.04771095539485,1.3336151267753129
42.341554893699886,-83.0535824215794,1.3293274574509024
42.335767525871375,-83.0457538,1.3274307388273341
42.341554893699886,-83.05749673236912,1.318856784387241
42.32998015804287,-83.07511113092279,1.3152369488589037
42.32708647412862,-83.0457538,1.3148120869816922
42.32563963217149,-83.04771095539485,1.3104931286798491
42.34010805174276,-83.06532535394854,1.3090801898411695
42.33432068391425,-83.07315397552794,1.3027600354708464
42.322745948257236,-83.05945388776396,1.3014344305093519
42.332873841957124,-83.07511113092279,1.3009433415843259
42.322745948257236,-83.05749673236912,1.2987813390066323
42.338661209785634,-83.06923966473823,1.2947170656481495
42.328533316085746,-83.04379664460515,1.2935087667727445
42.341554893699886,-83.05945388776396,1.2924362212351603
42.33721436782851,-83.0711968201331,1.2904372554732764
42.341554893699886,-83.05162526618456,1.2885573996243469
42.322745948257236,-83.06141104315883,1.2871460055471351
42.32419279021436,-83.06728250934339,1.2834836742066309
42.331427,-83.04183948921029,1.282075861366345
42.32708647412862,-83.07315397552794,1.2810190207809822
42.322745948257236,-83.05553957697427,1.2804231740476681
42.34010805174276,-83.06728250934339,1.2773589816119897
42.341554893699886,-83.06141104315883,1.276484351026975
42.32563963217149,-83.0711968201331,1.274548996063618
42.33721436782851,-83.0457538,1.270340316656678
42.33432068391425,-83.04379664460515,1.2695601530784355
42.32419279021436,-83.04966811078971,1.2690558836384103
42.332873841957124,-83.04183948921029,1.2664768707816203
42.335767525871375,-83.07315397552794,1.2635990341649179
42.328533316085746,-83.07511113092279,1.2634194248082546
42.341554893699886,-83.06336819855368,1.255046325949956
42.322745948257236,-83.06336819855368,1.2544360408029132
42.322745948257236,-83.0535824215794,1.2467616807924322
42.331427,-83.07706828631765,1.2431850319248885
42.32419279021436,-83.06923966473823,1.2393721762726042
42.341554893699886,-83.06532535394854,1.239204167516833
42.338661209785634,-83.0711968201331,1.2317745481280626
42.34010805174276,-83.04771095539485,1.2309252741127046
42.34010805174276,-83.06923966473823,1.2292217447621661
42.33432068391425,-83.07511113092279,1.2249563216800379
42.34300173565701,-83.05749673236912,1.2248048129889737
42.32998015804287,-83.04183948921029,1.2215145800256266
42.34300173565701,-83.05945388776396,1.2201687861278967
42.34300173565701,-83.05553957697427,1.2194325027443209
42.341554893699886,-83.04966811078971,1.2156689776915697
42.32998015804287,-83.07706828631765,1.2146088195557883
42.33721436782851,-83.07315397552794,1.2125618779511915
42.34300173565701,-83.06141104315883,1.211564650340291
42.34300173565701,-83.06336819855368,1.210370627330831
42.32708647412862,-83.04379664460515,1.2077076986428261
42.341554893699886,-83.06728250934339,1.2062409107755796
42.32563963217149,-83.07315397552794,1.2039208593262158
42.332873841957124,-83.07706828631765,1.2036481462286355
42.322745948257236,-83.06532535394854,1.2027742873484633
42.32563963217149,-83.0457538,1.2025703205640887
42.34300173565701,-83.0535824215794,1.2024495065127283
42.32708647412862,-83.07511113092279,1.1983285499291774
42.322745948257236,-83.05162526618456,1.1974284470962449
42.34300173565701,-83.06532535394854,1.1959687983110734
42.338661209785634,-83.0457538,1.1937533405881398
42.35023594544265,-83.06141104315883,1.1910320908620384
42.35023594544265,-83.06336819855368,1.188025923894594
42.335767525871375,-83.04379664460515,1.1879042696688977
42.32419279021436,-83.04771095539485,1.184261251746537
42.34444857761414,-83.06141104315883,1.1832358680874764
42.32419279021436,-83.0711968201331,1.1825551928985112
42.34444857761414,-83.06336819855368,1.1816700146231336
42.34878910348552,-83.06336819855368,1.177823107683249
42.351682787399774,-83.06141104315883,1.176821576371522
42.34734226152839,-83.06336819855368,1.1722780822920584
42.322745948257236,-83.06728250934339,1.1721921566195463
42.34444857761414,-83.05945388776396,1.169849882017314
42.34878910348552,-83.06532535394854,1.1695286667033067
42.335767525871375,-83.07511113092279,1.1691958101997517
42.34300173565701,-83.06728250934339,1.1689297584486253
42.328533316085746,-83.04183948921029,1.1671871490233863
42.35023594544265,-83.06532535394854,1.1663647006143425
42.34444857761414,-83.06532535394854,1.1655485760884112
42.33432068391425,-83.04183948921029,1.1652352537141857
42.34010805174276,-83.0711968201331,1.1649664680471925
42.34734226152839,-83.06532535394854,1.1639793527833169
42.328533316085746,-83.07706828631765,1.1634536784278744
42.345895419571264,-83.06336819855368,1.1610535071657309
42.341554893699886,-83.06923966473823,1.1608732157556676
42.351682787399774,-83.06336819855368,1.1601061867449947
42.34300173565701,-83.05162526618456,1.1575679891578456
42.34878910348552,-83.06141104315883,1.1534873189713244
42.345895419571264,-83.06532535394854,1.1531004535992879
42.338661209785634,-83.07315397552794,1.1524889465608519
42.34444857761414,-83.05749673236912,1.1516942839935953
42.345895419571264,-83.06141104315883,1.1516143153790339
42.32129910630011,-83.05945388776396,1.1510002237123891
42.34734226152839,-83.06141104315883,1.1497867609411858
42.32129910630011,-83.05749673236912,1.1491384619542651
42.351682787399774,-83.06532535394854,1.1387580165349591
42.345895419571264,-83.05945388776396,1.136973466933564
42.32129910630011,-83.06141104315883,1.1364471298684378
42.34444857761414,-83.06728250934339,1.1358375099192211
42.34444857761414,-83.05553957697427,1.1350890030995364
42.322745948257236,-83.06923966473823,1.1322670748648633
42.33432068391425,-83.07706828631765,1.1317028258624648
42.322745948257236,-83.04966811078971,1.1316561897830355
42.32129910630011,-83.05553957697427,1.1315136399065093
42.34300173565701,-83.06923966473823,1.1299321652152878
42.34734226152839,-83.06728250934339,1.1247247804036691
42.34878910348552,-83.06728250934339,1.1235031070723025
42.32563963217149,-83.07511113092279,1.1213741789205423
42.345895419571264,-83.06728250934339,1.1187026803807483
42.33721436782851,-83.07511113092279,1.1168580578916742
42.341554893699886,-83.04771095539485,1.1140619308389719
42.32419279021436,-83.07315397552794,1.1140315301513051
42.341554893699886,-83.0711968201331,1.1135267429230784
42.32563963217149,-83.04379664460515,1.1112960198889601
42.35023594544265,-83.06728250934339,1.1108594527477265
42.35023594544265,-83.05945388776396,1.1063644892087428
42.345895419571264,-83.05749673236912,1.1062300156083593
42.331427,-83.03988233381544,1.1049329524252918
42.32129910630011,-83.06336819855368,1.1048504544169286
42.33721436782851,-83.04379664460515,1.1035679053662877
42.34444857761414,-83.0535824215794,1.102211971096001
42.34734226152839,-83.05945388776396,1.1009213923491576
42.32708647412862,-83.07706828631765,1.1000366298210356
42.32129910630011,-83.0535824215794,1.098448348374917
42.34010805174276,-83.0457538,1.0984057432166985
42.32708647412862,-83.04183948921029,1.0965293005472438
42.331427,-83.0790254417125,1.0954974255029002
42.34444857761414,-83.06923966473823,1.0937336274550928
42.332873841957124,-83.03988233381544,1.0909963444612671
42.34878910348552,-83.05945388776396,1.0903278802251233
42.34010805174276,-83.07315397552794,1.08641795903616
42.34300173565701,-83.04966811078971,1.0850384775265813
42.32419279021436,-83.0457538,1.0833860944129241
42.32998015804287,-83.0790254417125,1.0826431927632558
42.34300173565701,-83.0711968201331,1.0796202973708811
42.322745948257236,-83.0711968201331,1.0791345996103101
42.335767525871375,-83.04183948921029,1.0783113554186645
42.32129910630011,-83.06532535394854,1.0756807793936551
42.351682787399774,-83.06728250934339,1.0704010939463853
42.332873841957124,-83.0790254417125,1.0698608482155594
42.351682787399774,-83.05945388776396,1.0676964141575318
42.32998015804287,-83.03988233381544,1.0666234929885139
42.34734226152839,-83.05749673236912,1.0664156949716515
42.345895419571264,-83.05553957697427,1.0610515890985817
42.345895419571264,-83.06923966473823,1.0600157535105879
42.34734226152839,-83.06923966473823,1.0580295103743862
42.338661209785634,-83.07511113092279,1.0566042947261522
42.341554893699886,-83.07315397552794,1.0550768003821409
42.34444857761414,-83.05162526618456,1.0537048865737511
42.32129910630011,-83.06728250934339,1.0533236288167913
42.335767525871375,-83.07706828631765,1.0528558528600946
42.32129910630011,-83.05162526618456,1.0498871842098518
42.322745948257236,-83.04771095539485,1.0487366651635219
42.34878910348552,-83.06923966473823,1.0455324937196659
42.328533316085746,-83.0790254417125,1.0427974357983871
42.34444857761414,-83.0711968201331,1.0403682055999659
42.338661209785634,-83.04379664460515,1.0399224514488357
42.3531296293569,-83.06336819855368,1.0365503517988324
42.3531296293569,-83.06141104315883,1.0347544060183942
42.32419279021436,-83.07511113092279,1.0338604851847761
42.328533316085746,-83.03988233381544,1.0300874294898128
42.32563963217149,-83.07706828631765,1.0258896022111239
42.34878910348552,-83.05749673236912,1.0212902917103239
42.3531296293569,-83.06532535394854,1.0200462117581508
42.34010805174276,-83.07511113092279,1.0190472079763273
42.34300173565701,-83.07315397552794,1.0185487436325946
42.33432068391425,-83.03988233381544,1.0174917977022679
42.34734226152839,-83.05553957697427,1.016913604204617
42.32129910630011,-83.06923966473823,1.0167857163144791
42.35023594544265,-83.06923966473823,1.0162092490155972
42.33432068391425,-83.0790254417125,1.0139923600311209
42.322745948257236,-83.07315397552794,1.013921260465011
42.345895419571264,-83.0535824215794,1.0136644605081742
42.32563963217149,-83.04183948921029,1.0110950456899257
42.32419279021436,-83.04379664460515,1.0078474930799737
42.34300173565701,-83.04771095539485,1.0037725602572918
42.33721436782851,-83.07706828631765,1.0026454564230272
42.341554893699886,-83.0457538,0.99830951199212337
42.33721436782851,-83.04183948921029,0.99594127654939246
42.345895419571264,-83.0711968201331,0.9954792568991031
42.319852264342984,-83.05945388776396,0.99218888832472829
42.319852264342984,-83.05749673236912,0.99068902904750344
42.34444857761414,-83.04966811078971,0.99017420921544663
42.32708647412862,-83.0790254417125,0.98643888594888218
42.341554893699886,-83.07511113092279,0.98567082104619352
42.32129910630011,-83.04966811078971,0.98556913185769557
42.319852264342984,-83.06141104315883,0.97795214233596317
42.34444857761414,-83.07315397552794,0.97668051337515793
42.319852264342984,-83.05553957697427,0.97378147878876331
42.32708647412862,-83.03988233381544,0.97150182488984715
42.35023594544265,-83.05749673236912,0.97001354136492868
42.322745948257236,-83.0457538,0.96998569286168901
42.34734226152839,-83.0711968201331,0.96977707068979657
42.338661209785634,-83.07706828631765,0.96921125159930943
42.34010805174276,-83.04379664460515,0.96919676398322496
42.32129910630011,-83.0711968201331,0.96725223893422185
42.34878910348552,-83.05553957697427,0.96617269442689235
42.345895419571264,-83.05162526618456,0.96101071397323168
42.3531296293569,-83.06728250934339,0.95722639206224303
42.351682787399774,-83.06923966473823,0.95719609312789311
42.335767525871375,-83.03988233381544,0.95664469990543988
42.319852264342984,-83.06336819855368,0.95588594149455974
42.34734226152839,-83.0535824215794,0.95527177780337169
42.319852264342984,-83.06532535394854,0.94940179983546702
42.34300173565701,-83.07511113092279,0.94722177407145625
42.331427,-83.08098259710735,0.94698903617254948
42.34878910348552,-83.0711968201331,0.94632745781404159
42.335767525871375,-83.0790254417125,0.94279459604596483
42.32419279021436,-83.07706828631765,0.94205740485140677
42.319852264342984,-83.0535824215794,0.94170062379428121
42.34010805174276,-83.07706828631765,0.93992694733773674
42.32998015804287,-83.08098259710735,0.93985123794724901
42.322745948257236,-83.07511113092279,0.93725112686385181
42.3531296293569,-83.05945388776396,0.9361682560241158
42.332873841957124,-83.08098259710735,0.93115645258220792
42.345895419571264,-83.07315397552794,0.9290866323943493
42.319852264342984,-83.06728250934339,0.92896924655013291
42.331427,-83.0379251784206,0.92694499072927017
42.32998015804287,-83.0379251784206,0.91865413353119152
42.32563963217149,-83.0790254417125,0.91790078324579794
42.32419279021436,-83.04183948921029,0.91594178424709405
42.332873841957124,-83.0379251784206,0.91282162005417544
42.34300173565701,-83.0457538,0.91242964101457069
42.34444857761414,-83.04771095539485,0.91225763158737116
42.338661209785634,-83.04183948921029,0.91123009609270234
42.351682787399774,-83.05749673236912,0.9098540528879544
42.328533316085746,-83.08098259710735,0.90926200965725279
42.35023594544265,-83.05553957697427,0.90623088138189789
42.32129910630011,-83.04771095539485,0.90606870973885401
42.32129910630011,-83.07315397552794,0.90572592257084783
42.341554893699886,-83.07706828631765,0.90563711117109391
42.35023594544265,-83.0711968201331,0.90483395556124746
42.33432068391425,-83.08098259710735,0.90473617225474101
42.34444857761414,-83.07511113092279,0.90343701910230445
42.33721436782851,-83.0790254417125,0.90100616120637289
42.34878910348552,-83.0535824215794,0.90012422300901351
42.322745948257236,-83.04379664460515,0.89911124610425386
42.32563963217149,-83.03988233381544,0.89688152155153211
42.319852264342984,-83.06923966473823,0.8952277007605981
42.319852264342984,-83.05162526618456,0.89453347004543227
42.345895419571264,-83.04966811078971,0.89449459873388937
42.341554893699886,-83.04379664460515,0.89140747488109051
42.328533316085746,-83.0379251784206,0.88825876214521349
42.34734226152839,-83.05162526618456,0.88354600646890447
42.33721436782851,-83.03988233381544,0.88312683701223316
42.3531296293569,-83.06923966473823,0.88009072226354679
42.33432068391425,-83.0379251784206,0.87837744544685226
42.338661209785634,-83.0790254417125,0.87817581056601535
42.354576471314026,-83.06532535394854,0.87572516267769474
42.34734226152839,-83.07315397552794,0.87513663713461476
42.354576471314026,-83.06336819855368,0.8740217554738583
42.34300173565701,-83.07706828631765,0.86618379323427619
42.335767525871375,-83.08098259710735,0.86462546470589274
42.32708647412862,-83.08098259710735,0.86104396742004163
42.345895419571264,-83.07511113092279,0.8539142727330058
42.32129910630011,-83.0457538,0.85308110036348284
42.351682787399774,-83.0711968201331,0.85069054126986776
42.322745948257236,-83.07706828631765,0.8496480764316211
42.34010805174276,-83.0790254417125,0.84962978077797646
42.354576471314026,-83.06141104315883,0.84912700458485313
42.319852264342984,-83.0711968201331,0.84900481931218086
42.354576471314026,-83.06728250934339,0.84547443501049335
42.34010805174276,-83.04183948921029,0.84497806798307029
42.32419279021436,-83.0790254417125,0.83924847011903603
42.32708647412862,-83.0379251784206,0.83847973112508145
42.331427,-83.08293975250221,0.83800206619079876
42.35023594544265,-83.0535824215794,0.83589788910501561
42.351682787399774,-83.05553957697427,0.83334552763413661
42.34878910348552,-83.07315397552794,0.83332070967498373
42.332873841957124,-83.08293975250221,0.83311215327137911
42.32129910630011,-83.07511113092279,0.83299848085039585
42.319852264342984,-83.04966811078971,0.83229599562321432
42.31840542238586,-83.05945388776396,0.82686148627862255
42.335767525871375,-83.0379251784206,0.82681948435647978
42.32998015804287,-83.08293975250221,0.82604871579880024
42.31840542238586,-83.05749673236912,0.82549811366734493
42.31840542238586,-83.06336819855368,0.82536529027794425
42.34878910348552,-83.05162526618456,0.82535191374979955
42.34444857761414,-83.07706828631765,0.82131671590854094
42.34444857761414,-83.0457538,0.82070545233396419
42.31840542238586,-83.06532535394854,0.81936673649898206
42.31840542238586,-83.06141104315883,0.81832306222723672
42.341554893699886,-83.0790254417125,0.8156016809704435
42.33721436782851,-83.08098259710735,0.81547772516708583
42.3531296293569,-83.05749673236912,0.81526922076438524
42.345895419571264,-83.04771095539485,0.81489116409467988
42.322745948257236,-83.04183948921029,0.81377792020330586
42.33432068391425,-83.08293975250221,0.81241364926163462
42.32419279021436,-83.03988233381544,0.81074625911279452
42.31840542238586,-83.05553957697427,0.80927186754637581
42.34300173565701,-83.04379664460515,0.80708171614264401
42.34734226152839,-83.04966811078971,0.80313223267082123
42.331427,-83.03596802302573,0.80064558477163139
42.31840542238586,-83.06728250934339,0.80046840767835492
42.32563963217149,-83.08098259710735,0.79936513186599945
42.328533316085746,-83.08293975250221,0.79904835484902614
42.338661209785634,-83.03988233381544,0.7988775167043195
42.34734226152839,-83.07511113092279,0.79811021387203573
42.32998015804287,-83.03596802302573,0.79478582351511673
42.3531296293569,-83.0711968201331,0.79433454730452158
42.319852264342984,-83.07315397552794,0.79113616124863495
42.35023594544265,-83.07315397552794,0.79092418955296007
42.332873841957124,-83.03596802302573,0.7899828630304524
42.354576471314026,-83.06923966473823,0.78703727645445132
42.32129910630011,-83.04379664460515,0.78612597111195459
42.319852264342984,-83.04771095539485,0.78416009129006914
42.354576471314026,-83.05945388776396,0.78192769150790742
42.335767525871375,-83.08293975250221,0.77892044894232182
42.31840542238586,-83.0535824215794,0.77835436494676635
42.34300173565701,-83.0790254417125,0.77610030412737085
42.338661209785634,-83.08098259710735,0.77593060272356085
42.32563963217149,-83.0379251784206,0.77305183221397078
42.331427,-83.08489690789706,0.77295129067676727
42.328533316085746,-83.03596802302573,0.77263259828740627
42.345895419571264,-83.07706828631765,0.77069109325556173
42.341554893699886,-83.04183948921029,0.77064820601468287
42.31840542238586,-83.06923966473823,0.76909791156911811
42.332873841957124,-83.08489690789706,0.76902801422246425
42.32998015804287,-83.08489690789706,0.76600390051376288
42.33432068391425,-83.03596802302573,0.7639518309741915
42.32708647412862,-83.08293975250221,0.76343118510044117
42.33721436782851,-83.0379251784206,0.76133104686687925
42.351682787399774,-83.0535824215794,0.76037692686553537
42.35023594544265,-83.05162526618456,0.7585862334108473
42.351682787399774,-83.07315397552794,0.75799326765164854
42.33432068391425,-83.08489690789706,0.75475522431499198
42.322745948257236,-83.0790254417125,0.75187709668746217
42.32129910630011,-83.07706828631765,0.74979761889855534
42.34010805174276,-83.08098259710735,0.74929501172680124
42.328533316085746,-83.08489690789706,0.74908720095957704
42.3531296293569,-83.05553957697427,0.74424053710372018
42.35602331327115,-83.06532535394854,0.74311276313612462
42.34878910348552,-83.04966811078971,0.74309782726016427
42.34878910348552,-83.07511113092279,0.74238415256322621
42.33721436782851,-83.08293975250221,0.73818585111810242
42.35602331327115,-83.06336819855368,0.73609192421057568
42.32708647412862,-83.03596802302573,0.73577742193325291
42.319852264342984,-83.0457538,0.73313813545944861
42.31840542238586,-83.05162526618456,0.73289315560436052
42.335767525871375,-83.08489690789706,0.73178004965017773
42.34444857761414,-83.0790254417125,0.73099561631155718
42.32419279021436,-83.08098259710735,0.73099481753874984
42.32563963217149,-83.08293975250221,0.72766308037467731
42.34734226152839,-83.07706828631765,0.72696476122033138
42.31840542238586,-83.0711968201331,0.72586301039478807
42.335767525871375,-83.03596802302573,0.72456614701049049
42.32708647412862,-83.08489690789706,0.72402846007617794
42.331427,-83.08685406329192,0.7229706677642278
42.345895419571264,-83.0457538,0.72293890496319735
42.319852264342984,-83.07511113092279,0.72240574062229657
42.35602331327115,-83.06728250934339,0.72083082722409753
42.332873841957124,-83.08685406329192,0.71974723341198132
42.32998015804287,-83.08685406329192,0.71724765496083598
42.341554893699886,-83.08098259710735,0.71649891941896593
42.34444857761414,-83.04379664460515,0.71642316538100181
42.322745948257236,-83.03988233381544,0.71607132400095175
42.34734226152839,-83.04771095539485,0.71503180376954911
42.354576471314026,-83.0711968201331,0.71193793124030469
42.34010805174276,-83.03988233381544,0.70792875770763652
42.33432068391425,-83.08685406329192,0.70787335724232869
42.35023594544265,-83.07511113092279,0.70654905947334501
42.32129910630011,-83.04183948921029,0.70620229558556757
42.345895419571264,-83.0790254417125,0.70496225061217643
42.3531296293569,-83.07315397552794,0.7030990018967116
42.328533316085746,-83.08685406329192,0.70309508879325677
42.33721436782851,-83.08489690789706,0.70210927589344685
42.32419279021436,-83.0379251784206,0.70191495351001376
42.331427,-83.03401086763088,0.7010654869561912
42.338661209785634,-83.08293975250221,0.69942712224765724
42.354576471314026,-83.05749673236912,0.69933351444815128
42.35602331327115,-83.06141104315883,0.69741625803107599
42.34300173565701,-83.08098259710735,0.69722196562227778
42.31840542238586,-83.04966811078971,0.69710769130587558
42.32998015804287,-83.03401086763088,0.69583052315660177
42.34878910348552,-83.07706828631765,0.69494995620211997
42.32563963217149,-83.08489690789706,0.69281382037638339
42.332873841957124,-83.03401086763088,0.69214620419925732
42.31695858042873,-83.06336819855368,0.69196022831289083
42.34300173565701,-83.04183948921029,0.68900391588720011
42.335767525871375,-83.08685406329192,0.68833617854347151
42.32419279021436,-83.08293975250221,0.68795834991840554
42.338661209785634,-83.0379251784206,0.68749844402703908
42.32563963217149,-83.03596802302573,0.68658883628816447
42.31695858042873,-83.06532535394854,0.68635464883658692
42.31695858042873,-83.06141104315883,0.68546132540661375
42.351682787399774,-83.05162526618456,0.68191130112209242
42.32708647412862,-83.08685406329192,0.6816351716354162
42.328533316085746,-83.03401086763088,0.67661419445581306
42.34734226152839,-83.0790254417125,0.67615778159427053
42.34444857761414,-83.08098259710735,0.67542678589179717
42.35023594544265,-83.04966811078971,0.67504690417376212
42.35602331327115,-83.06923966473823,0.6743072326076639
42.33721436782851,-83.03596802302573,0.67408570285504021
42.331427,-83.08881121868677,0.67298405725933219
42.3531296293569,-83.0535824215794,0.67198378953233528
42.31840542238586,-83.07315397552794,0.67145046553678256
42.332873841957124,-83.08881121868677,0.67024995147372102
42.33432068391425,-83.03401086763088,0.66976936407760035
42.319852264342984,-83.04379664460515,0.66958235515857645
42.34010805174276,-83.08293975250221,0.66881663314405682
42.31695858042873,-83.06728250934339,0.66873978661885225
42.32998015804287,-83.08881121868677,0.66812086678339444
42.322745948257236,-83.08098259710735,0.6677705065809113
42.338661209785634,-83.08489690789706,0.66753071535881503
42.31695858042873,-83.05945388776396,0.66699835793984663
42.351682787399774,-83.07511113092279,0.66397541855883002
42.33721436782851,-83.08685406329192,0.66246378006443596
42.33432068391425,-83.08881121868677,0.66010183561226454
42.31840542238586,-83.04771095539485,0.65964785351787203
42.32129910630011,-83.0790254417125,0.65841829175799238
42.35023594544265,-83.07706828631765,0.65746080901844506
42.32419279021436,-83.08489690789706,0.65712041904831597
42.328533316085746,-83.08881121868677,0.65598242591809908
42.31695858042873,-83.05749673236912,0.6550342873626358
42.341554893699886,-83.08293975250221,0.65483773196519512
42.32563963217149,-83.08685406329192,0.65422579398105984
42.34878910348552,-83.04771095539485,0.65415855487098629
42.345895419571264,-83.08098259710735,0.64985243844918539
42.322745948257236,-83.08293975250221,0.64563777717289983
42.32708647412862,-83.03401086763088,0.64443952202009525
42.319852264342984,-83.07706828631765,0.64358262933814814
42.335767525871375,-83.08881121868677,0.64317170829687009
42.34878910348552,-83.0790254417125,0.64274909566150318
42.31695858042873,-83.05553957697427,0.63945724616399036
42.31695858042873,-83.06923966473823,0.63942400513473752
42.354576471314026,-83.05553957697427,0.63894370837494951
42.341554893699886,-83.03988233381544,0.63779752580603322
42.32708647412862,-83.08881121868677,0.63729843749393611
42.34300173565701,-83.08293975250221,0.63692369348552491
42.335767525871375,-83.03401086763088,0.63526268986101164
42.338661209785634,-83.08685406329192,0.63158846122954959
42.34010805174276,-83.08489690789706,0.62941564127851346
42.35602331327115,-83.05945388776396,0.62900090517816909
42.322745948257236,-83.0379251784206,0.62870668715244371
42.32419279021436,-83.03596802302573,0.62753379932964093
42.354576471314026,-83.07315397552794,0.62730653404480374
42.331427,-83.09076837408162,0.62299384082983067
42.32419279021436,-83.08685406329192,0.6221595057120558
42.32129910630011,-83.08098259710735,0.62108222475334229
42.332873841957124,-83.09076837408162,0.62062089914342888
42.33721436782851,-83.08881121868677,0.62036583752243302
42.34734226152839,-83.08098259710735,0.62017057527155972
42.34734226152839,-83.0457538,0.62004438809532925
42.345895419571264,-83.04379664460515,0.61942450274943484
42.32998015804287,-83.09076837408162,0.61876675659468328
42.322745948257236,-83.08489690789706,0.61820232440001488
42.34444857761414,-83.08293975250221,0.61512384635473871
42.34010805174276,-83.0379251784206,0.61495355836809251
42.32129910630011,-83.03988233381544,0.61479968108972183
42.338661209785634,-83.03596802302573,0.61462429419385467
42.3531296293569,-83.07511113092279,0.61423058585700607
42.351682787399774,-83.07706828631765,0.61398130157918562
42.32563963217149,-83.08881121868677,0.61301582000534061
42.33432068391425,-83.09076837408162,0.61176893449798597
42.31695858042873,-83.0535824215794,0.61058807125536496
42.31840542238586,-83.0457538,0.61051624137246585
42.35602331327115,-83.0711968201331,0.61022176006203244
42.328533316085746,-83.09076837408162,0.60815318344788916
42.31840542238586,-83.07511113092279,0.60657303065027512
42.35023594544265,-83.0790254417125,0.60427160975613825
42.35747015522828,-83.06532535394854,0.60363768170241094
42.32129910630011,-83.08293975250221,0.60153396815416404
42.331427,-83.03205371223603,0.60137291537260473
42.32563963217149,-83.03401086763088,0.60090074634671997
42.34444857761414,-83.04183948921029,0.60046310573508166
42.31695858042873,-83.0711968201331,0.59887422382003286
42.351682787399774,-83.04966811078971,0.59815534632077894
42.335767525871375,-83.09076837408162,0.59686451630436976
42.34010805174276,-83.08685406329192,0.59685805973897765
42.32998015804287,-83.03205371223603,0.59664732580625701
42.31695858042873,-83.05162526618456,0.59524915902021647
42.35747015522828,-83.06336819855368,0.59513317470578331
42.3531296293569,-83.05162526618456,0.59449810503700218
42.319852264342984,-83.04183948921029,0.59424729327739256
42.332873841957124,-83.03205371223603,0.59371601653156825
42.338661209785634,-83.08881121868677,0.59266995588982563
42.32708647412862,-83.09076837408162,0.59165079974817969
42.33721436782851,-83.03401086763088,0.59025183678910598
42.345895419571264,-83.08293975250221,0.58934107927014279
42.341554893699886,-83.08489690789706,0.58874617496452508
42.35747015522828,-83.06728250934339,0.58745403042658095
42.322745948257236,-83.08685406329192,0.58651834784736023
42.34878910348552,-83.08098259710735,0.58603302780983357
42.319852264342984,-83.0790254417125,0.5857717557176696
42.35023594544265,-83.04771095539485,0.58575085086306555
42.32419279021436,-83.08881121868677,0.58411409299855599
42.328533316085746,-83.03205371223603,0.57967065826815056
42.32129910630011,-83.08489690789706,0.57694855734603623
42.33721436782851,-83.09076837408162,0.57654625264631709
42.33432068391425,-83.03205371223603,0.57412632131307384
42.319852264342984,-83.08098259710735,0.57364225761528376
42.35602331327115,-83.05749673236912,0.5734691711757619
42.331427,-83.09272552947648,0.57300128496948521
42.332873841957124,-83.09272552947648,0.5709057957127639
42.354576471314026,-83.0535824215794,0.57080258624976188
42.34300173565701,-83.08489690789706,0.57075788660236226
42.32563963217149,-83.09076837408162,0.5699369685845197
42.31695858042873,-83.04966811078971,0.56940248269074289
42.32998015804287,-83.09272552947648,0.56926345749979612
42.3531296293569,-83.07706828631765,0.56421796757576537
42.33432068391425,-83.09272552947648,0.56306090860328561
42.34300173565701,-83.03988233381544,0.56277424899967299
42.35747015522828,-83.06141104315883,0.56103928712841544
42.34010805174276,-83.08881121868677,0.56100861932823487
42.322745948257236,-83.03596802302573,0.56077152524898732
42.351682787399774,-83.0790254417125,0.56036441741861964
42.328533316085746,-83.09272552947648,0.55984089765761569
42.34734226152839,-83.08293975250221,0.5593957780002472
42.341554893699886,-83.08685406329192,0.55918282013625942
42.34878910348552,-83.0457538,0.55914011611827097
42.354576471314026,-83.07511113092279,0.55730129684626029
42.31840542238586,-83.07706828631765,0.55661271647475552
42.315511738471606,-83.06336819855368,0.55622316666795224
42.319852264342984,-83.08293975250221,0.55617822035229714
42.338661209785634,-83.09076837408162,0.55154940738051739
42.322745948257236,-83.08881121868677,0.55148531833033387
42.32708647412862,-83.03205371223603,0.55114105675325009
42.315511738471606,-83.06532535394854,0.55095127651393727
42.32129910630011,-83.0379251784206,0.55019704200516095
42.315511738471606,-83.06141104315883,0.55019014709349234
42.31840542238586,-83.04379664460515,0.5499793386013142
42.35747015522828,-83.06923966473823,0.54988469165869969
42.335767525871375,-83.09272552947648,0.54976705701294915
42.34444857761414,-83.08489690789706,0.54946036365840056
42.31695858042873,-83.07315397552794,0.54891414672346772
42.32129910630011,-83.08685406329192,0.54814746412420745
42.34010805174276,-83.03596802302573,0.5479879992835397
42.32419279021436,-83.03401086763088,0.54779653427176167
42.35023594544265,-83.08098259710735,0.54712056936052611
42.32708647412862,-83.09272552947648,0.54508670977077212
42.32419279021436,-83.09076837408162,0.54375516159220161
42.335767525871375,-83.03205371223603,0.54351531664756614
42.35602331327115,-83.07315397552794,0.53735076662914938
42.341554893699886,-83.0379251784206,0.53724672597160406
42.31840542238586,-83.0790254417125,0.53654876417110386
42.338661209785634,-83.03401086763088,0.53638735090926271
42.315511738471606,-83.06728250934339,0.53444403859700107
42.319852264342984,-83.08489690789706,0.53397899065841692
42.315511738471606,-83.05945388776396,0.53296025358621457
42.31695858042873,-83.04771095539485,0.53282442919583661
42.35747015522828,-83.05945388776396,0.53201045197644925
42.33721436782851,-83.09272552947648,0.53148784836081908
42.341554893699886,-83.08881121868677,0.52617608784701275
42.31840542238586,-83.08098259710735,0.52567609318309594
42.32563963217149,-83.09272552947648,0.52549797913800611
42.34878910348552,-83.08293975250221,0.52507665833268946
42.345895419571264,-83.08489690789706,0.52397568515975013
42.331427,-83.09468268487133,0.52300712527217053
42.34010805174276,-83.09076837408162,0.52260834545077639
42.332873841957124,-83.09468268487133,0.5211314413748811
42.35602331327115,-83.05553957697427,0.5209213004944524
42.32998015804287,-83.09468268487133,0.51965709274953331
42.34300173565701,-83.08685406329192,0.51925459118571893
42.34734226152839,-83.04379664460515,0.51887457158892525
42.319852264342984,-83.03988233381544,0.51713798693025548
42.31695858042873,-83.07511113092279,0.5160030945497075
42.32129910630011,-83.08881121868677,0.5158825022180844
42.3531296293569,-83.04966811078971,0.51440624912353194
42.33432068391425,-83.09468268487133,0.51409055345509991
42.322745948257236,-83.09076837408162,0.51382668306782264
42.32563963217149,-83.03205371223603,0.51217687355842589
42.328533316085746,-83.09468268487133,0.51118877421459119
42.3531296293569,-83.0790254417125,0.51082933624130233
42.351682787399774,-83.04771095539485,0.51074041756883182
42.315511738471606,-83.06923966473823,0.51071578903753678
42.31840542238586,-83.08293975250221,0.509918001115093
42.338661209785634,-83.09272552947648,0.50877951036341806
42.315511738471606,-83.05749673236912,0.50832296371828578
42.354576471314026,-83.07706828631765,0.50816237067088377
42.345895419571264,-83.04183948921029,0.50775860113816096
42.319852264342984,-83.08685406329192,0.5076847030049938
42.354576471314026,-83.05162526618456,0.50485668900807368
42.351682787399774,-83.08098259710735,0.50319069579678244
42.33721436782851,-83.03205371223603,0.50306868639425284
42.335767525871375,-83.09468268487133,0.50210354093774157
42.32419279021436,-83.09272552947648,0.50164447038336379
42.331427,-83.03009655684117,0.50160813724436104
42.35747015522828,-83.0711968201331,0.5015585642753666
42.35747015522828,-83.05749673236912,0.49912229162025434
42.32708647412862,-83.09468268487133,0.4978610548213479
42.34444857761414,-83.03988233381544,0.49774790737983343
42.32998015804287,-83.03009655684117,0.49730395629071733
42.35023594544265,-83.0457538,0.49650279568743938
42.332873841957124,-83.03009655684117,0.49490537389890005
42.34734226152839,-83.08489690789706,0.49424905821012388
42.35602331327115,-83.07511113092279,0.49359773119432482
42.31695858042873,-83.07706828631765,0.49226592191626695
42.315511738471606,-83.0711968201331,0.49073197401280289
42.341554893699886,-83.09076837408162,0.49039461385762695
42.31840542238586,-83.08489690789706,0.48972689749312159
42.34300173565701,-83.08881121868677,0.48882022036628436
42.32129910630011,-83.03596802302573,0.48803141890172874
42.315511738471606,-83.05553957697427,0.48772678074023967
42.31695858042873,-83.0790254417125,0.48717541242748774
42.322745948257236,-83.03401086763088,0.48684661970607235
42.35023594544265,-83.08293975250221,0.48618503773493771
42.33721436782851,-83.09468268487133,0.4855160084557677
42.31695858042873,-83.0457538,0.48551013789339775
42.34010805174276,-83.09272552947648,0.48222446700666122
42.328533316085746,-83.03009655684117,0.48209419118715868
42.315511738471606,-83.0535824215794,0.48087998598701731
42.32129910630011,-83.09076837408162,0.48079904125714068
42.32563963217149,-83.09468268487133,0.4800474771867933
42.34444857761414,-83.08685406329192,0.4791357883674553
42.3589169971854,-83.06141104315883,0.47880841362878201
42.31840542238586,-83.04183948921029,0.47862995348498732
42.3589169971854,-83.06532535394854,0.47819817460906927
42.319852264342984,-83.08881121868677,0.47791372015867195
42.35602331327115,-83.0535824215794,0.47788292474288052
42.3589169971854,-83.06336819855368,0.47782040613995069
42.33432068391425,-83.03009655684117,0.47750153753603647
42.31695858042873,-83.08098259710735,0.47732858059976768
42.341554893699886,-83.03596802302573,0.47564807725168601
42.34010805174276,-83.03401086763088,0.47518366994668032
42.322745948257236,-83.09272552947648,0.47410618950272432
42.331427,-83.09663984026618,0.47301181821711979
42.34878910348552,-83.04379664460515,0.47290772574921386
42.3589169971854,-83.05945388776396,0.47200067254093125
42.332873841957124,-83.09663984026618,0.47131457084244566
42.32998015804287,-83.09663984026618,0.46997660018061638
42.34300173565701,-83.0379251784206,0.46971579022736581
42.35747015522828,-83.05553957697427,0.46914405686439919
42.319852264342984,-83.0379251784206,0.4677202045559633
42.3589169971854,-83.06728250934339,0.46749864565870319
42.31840542238586,-83.08685406329192,0.46560502519150948
42.315511738471606,-83.05162526618456,0.46514608763502163
42.35747015522828,-83.07315397552794,0.46504404799541266
42.33432068391425,-83.09663984026618,0.46492989043477462
42.315511738471606,-83.07315397552794,0.46482800855795592
42.338661209785634,-83.09468268487133,0.46475550346868744
42.32419279021436,-83.03205371223603,0.46410850709371704
42.31695858042873,-83.08293975250221,0.46298700280246308
42.328533316085746,-83.09663984026618,0.46228905083183947
42.3531296293569,-83.04771095539485,0.46123449731519339
42.34878910348552,-83.08489690789706,0.46018356041612829
42.32419279021436,-83.09468268487133,0.45819031791806997
42.354576471314026,-83.04966811078971,0.45663522559254099
42.32708647412862,-83.03009655684117,0.45647733475147934
42.354576471314026,-83.0790254417125,0.45566788196945734
42.34300173565701,-83.09076837408162,0.4554887445819138
42.3589169971854,-83.05749673236912,0.45507009696691281
42.345895419571264,-83.08685406329192,0.45430899390135326
42.3531296293569,-83.08098259710735,0.4541180606117553
42.338661209785634,-83.03205371223603,0.45406637905757313
42.335767525871375,-83.09663984026618,0.45402219717397774
42.351682787399774,-83.0457538,0.45367650352517092
42.341554893699886,-83.09272552947648,0.4523820349762312
42.32708647412862,-83.09663984026618,0.45014426870632351
42.335767525871375,-83.03009655684117,0.45004533335698821
42.34444857761414,-83.08881121868677,0.44945442110635414
42.31406489651447,-83.06336819855368,0.44787255123637326
42.3589169971854,-83.06923966473823,0.44769308875234115
42.35602331327115,-83.07706828631765,0.44609331221124859
42.31406489651447,-83.06532535394854,0.44542954744444185
42.319852264342984,-83.09076837408162,0.44522547196021622
42.31406489651447,-83.06141104315883,0.44470043636493384
42.31695858042873,-83.08489690789706,0.44449869746836601
42.32129910630011,-83.09272552947648,0.44342981946414384
42.351682787399774,-83.08293975250221,0.44257355157889344
42.315511738471606,-83.07511113092279,0.44250398417790038
42.315511738471606,-83.07706828631765,0.4423300400607626
42.34010805174276,-83.09468268487133,0.44028617626315292
42.34734226152839,-83.04183948921029,0.44022371516275816
42.315511738471606,-83.04966811078971,0.43954351534508063
42.33721436782851,-83.09663984026618,0.43885518795112444
42.31840542238586,-83.08881121868677,0.43805835223482048
42.315511738471606,-83.0790254417125,0.43769130609248053
42.31406489651447,-83.06728250934339,0.43735092649328711
42.35602331327115,-83.05162526618456,0.43699591416102312
42.31406489651447,-83.05945388776396,0.43592728269455905
42.35023594544265,-83.04379664460515,0.43574497750913727
42.32563963217149,-83.09663984026618,0.4338290139015083
42.35747015522828,-83.0535824215794,0.43315665879801935
42.322745948257236,-83.09468268487133,0.4327568095438098
42.3589169971854,-83.05553957697427,0.42989746040753612
42.360363839142536,-83.06141104315883,0.42882274139869725
42.315511738471606,-83.08098259710735,0.42869652833997296
42.31695858042873,-83.04379664460515,0.42770106228097882
42.345895419571264,-83.03988233381544,0.42760716262590592
42.31840542238586,-83.03988233381544,0.42741770523399192
42.360363839142536,-83.06336819855368,0.42535953665570225
42.34734226152839,-83.08685406329192,0.42515897278607517
42.35747015522828,-83.07511113092279,0.42384339242299029
42.31406489651447,-83.06923966473823,0.42361406602570795
42.360363839142536,-83.05945388776396,0.4232317132701689
42.331427,-83.09859699566104,0.42301566208025076
42.31695858042873,-83.08685406329192,0.42226162797227818
42.35023594544265,-83.08489690789706,0.42167961871007487
42.31406489651447,-83.05749673236912,0.42156318140995597
42.332873841957124,-83.09859699566104,0.42146616709290008
42.32563963217149,-83.03009655684117,0.42126596632325375
42.3589169971854,-83.0711968201331,0.42051508816090705
42.32998015804287,-83.09859699566104,0.42024103590397799
42.338661209785634,-83.09663984026618,0.4197627736159214
42.34300173565701,-83.09272552947648,0.41975921498957391
42.32129910630011,-83.03401086763088,0.41954667935228807
42.34444857761414,-83.09076837408162,0.41837523702284174
42.33432068391425,-83.09859699566104,0.41562694681380241
42.315511738471606,-83.08293975250221,0.41554679171569087
42.32419279021436,-83.09663984026618,0.4136913392718391
42.33721436782851,-83.03009655684117,0.41341807812619125
42.328533316085746,-83.09859699566104,0.41320362428421276
42.360363839142536,-83.06532535394854,0.4131672325094945
42.341554893699886,-83.09468268487133,0.41257131683881954
42.319852264342984,-83.03596802302573,0.41064219911881489
42.319852264342984,-83.09272552947648,0.41010472817067689
42.360363839142536,-83.05749673236912,0.4091039113971241
42.345895419571264,-83.08881121868677,0.40847983827526346
42.322745948257236,-83.03205371223603,0.40829073251639564
42.34878910348552,-83.04183948921029,0.40825983575942226
42.341554893699886,-83.03401086763088,0.40795096335655667
42.31840542238586,-83.09076837408162,0.40756441843554236
42.34444857761414,-83.0379251784206,0.40722073713403684
42.335767525871375,-83.09859699566104,0.40562441619744594
42.354576471314026,-83.04771095539485,0.4047459678782403
42.3531296293569,-83.0457538,0.40463254680017352
42.32129910630011,-83.09468268487133,0.40420478136913085
42.31406489651447,-83.0711968201331,0.40420465225719515
42.315511738471606,-83.04771095539485,0.40393996592349868
42.32708647412862,-83.09859699566104,0.40205391838798377
42.331427,-83.02813940144632,0.40179411411329313
42.31406489651447,-83.05553957697427,0.40162270980967274
42.354576471314026,-83.08098259710735,0.39991903681517493
42.34300173565701,-83.03596802302573,0.39877253492250886
42.3589169971854,-83.0535824215794,0.39852464449380609
42.315511738471606,-83.08489690789706,0.39851454293159461
42.32998015804287,-83.02813940144632,0.39784348612746234
42.34010805174276,-83.03205371223603,0.39775241301278974
42.34010805174276,-83.09663984026618,0.39711777472182641
42.31695858042873,-83.08881121868677,0.39669017301051224
42.332873841957124,-83.02813940144632,0.39583691258346515
42.35602331327115,-83.0790254417125,0.39508325648578824
42.3531296293569,-83.08293975250221,0.39417669297267288
42.360363839142536,-83.06728250934339,0.39327720489379298
42.35747015522828,-83.05162526618456,0.3932520299737654
42.351682787399774,-83.04379664460515,0.39305645489280944
42.31406489651447,-83.07511113092279,0.39254325802686718
42.31406489651447,-83.07706828631765,0.39238361247436226
42.34878910348552,-83.08685406329192,0.39167881770000457
42.33721436782851,-83.09859699566104,0.39166390555082164
42.35602331327115,-83.04966811078971,0.39138004038515184
42.322745948257236,-83.09663984026618,0.39010975932392988
42.31406489651447,-83.07315397552794,0.38859904006973778
42.31406489651447,-83.0790254417125,0.38812331563719582
42.360363839142536,-83.05553957697427,0.38758680126413891
42.3589169971854,-83.07315397552794,0.38727708024323942
42.32563963217149,-83.09859699566104,0.38701627563553043
42.34444857761414,-83.09272552947648,0.38479816199497419
42.328533316085746,-83.02813940144632,0.38406448176916347
42.31840542238586,-83.0379251784206,0.38222489803309134
42.34300173565701,-83.09468268487133,0.38204745245113969
42.33432068391425,-83.02813940144632,0.38018879627251428
42.31406489651447,-83.08098259710735,0.37984687310537013
42.345895419571264,-83.09076837408162,0.3794500644758052
42.36181068109966,-83.06141104315883,0.37883264077771911
42.351682787399774,-83.08489690789706,0.37866759470475431
42.35747015522828,-83.07706828631765,0.37851778327021435
42.315511738471606,-83.08685406329192,0.37791860348238471
42.32419279021436,-83.03009655684117,0.3774627465334392
42.31406489651447,-83.0535824215794,0.37613763089646635
42.36181068109966,-83.06336819855368,0.37589943056104846
42.31840542238586,-83.09272552947648,0.37455416100674943
42.36181068109966,-83.05945388776396,0.37409211862767544
42.338661209785634,-83.09859699566104,0.37401016553209743
42.331427,-83.10055415105589,0.37301886000557616
42.319852264342984,-83.09468268487133,0.37296009068705638
42.332873841957124,-83.10055415105589,0.37159373423420594
42.34734226152839,-83.03988233381544,0.37139871123179202
42.341554893699886,-83.09663984026618,0.37130395570451524
42.35023594544265,-83.04183948921029,0.37125340422287911
42.32998015804287,-83.10055415105589,0.37046345237420442
42.31695858042873,-83.04183948921029,0.36957404083089823
42.338661209785634,-83.03009655684117,0.36861599509787996
42.32419279021436,-83.09859699566104,0.36836832250533791
42.31695858042873,-83.09076837408162,0.36818906341765434
42.31406489651447,-83.08293975250221,0.36771197530275446
42.360363839142536,-83.06923966473823,0.36705665613973709
42.33432068391425,-83.10055415105589,0.36621492631049435
42.34734226152839,-83.08881121868677,0.36620841835116624
42.36181068109966,-83.06532535394854,0.36549289801388929
42.328533316085746,-83.10055415105589,0.36397548827312953
42.32129910630011,-83.09663984026618,0.36346691713554025
42.3589169971854,-83.05162526618456,0.36266533805009321
42.36181068109966,-83.05749673236912,0.36199837650316158
42.32708647412862,-83.02813940144632,0.36082586347314721
42.360363839142536,-83.0535824215794,0.36007120107059093
42.31261805455735,-83.06336819855368,0.35866911317971717
42.315511738471606,-83.0457538,0.35837102027091317
42.335767525871375,-83.10055415105589,0.35698164548559341
42.31261805455735,-83.06532535394854,0.3562569593663576
42.31261805455735,-83.06141104315883,0.35563352121273606
42.335767525871375,-83.02813940144632,0.35532604795133077
42.315511738471606,-83.08881121868677,0.35409979165069172
42.380619626542305,-82.94006740867793,0.35406314691491125
42.35023594544265,-83.08685406329192,0.35384796381617889
42.32708647412862,-83.10055415105589,0.3536733843704849
42.34010805174276,-83.09859699566104,0.35296542459995661
42.31406489651447,-83.08489690789706,0.35193533270696487
42.35747015522828,-83.04966811078971,0.35076151291372609
42.354576471314026,-83.0457538,0.34938463864863867
42.38206646849944,-82.94006740867793,0.34920304287659215
42.34444857761414,-83.09468268487133,0.34910965274704964
42.3589169971854,-83.07511113092279,0.34891243190767024
42.31261805455735,-83.06728250934339,0.34838465946984243
42.36181068109966,-83.06728250934339,0.34827139774132237
42.345895419571264,-83.09272552947648,0.3478748323346863
42.31261805455735,-83.05945388776396,0.34716628233959834
42.319852264342984,-83.03401086763088,0.34712968311094083
42.322745948257236,-83.09859699566104,0.34641901377702589
42.32129910630011,-83.03205371223603,0.34597891474018061
42.31406489651447,-83.05162526618456,0.34517112243901638
42.3531296293569,-83.04379664460515,0.34470258459716219
42.33721436782851,-83.10055415105589,0.34405664216625154
42.36181068109966,-83.05553957697427,0.34329369837545509
42.34300173565701,-83.09663984026618,0.34269455003691685
42.31261805455735,-83.07511113092279,0.34257656029070138
42.31261805455735,-83.07706828631765,0.34242904218617387
42.35602331327115,-83.04771095539485,0.34165318687306839
42.354576471314026,-83.08293975250221,0.34102926095611497
42.35602331327115,-83.08098259710735,0.34075438143162273
42.34878910348552,-83.03988233381544,0.33980038168411275
42.32563963217149,-83.10055415105589,0.33973565259223337
42.31840542238586,-83.09468268487133,0.33940469794112538
42.345895419571264,-83.0379251784206,0.33919602980850039
42.34734226152839,-83.09076837408162,0.33903322323317886
42.31261805455735,-83.07315397552794,0.33893031377622174
42.31261805455735,-83.0790254417125,0.33849029751116977
42.31695858042873,-83.09272552947648,0.33713608996728772
42.31695858042873,-83.03988233381544,0.33596407228486941
42.360363839142536,-83.0711968201331,0.33586190284020206
42.34300173565701,-83.03401086763088,0.33578363690311441
42.341554893699886,-83.03205371223603,0.33526012025145069
42.31261805455735,-83.06923966473823,0.33504652770915777
42.319852264342984,-83.09663984026618,0.33413017385384891
42.31261805455735,-83.05749673236912,0.33328859070402428
42.31406489651447,-83.08685406329192,0.3327752243501011
42.31261805455735,-83.0711968201331,0.33155238241727036
42.3531296293569,-83.08489690789706,0.33113252305228202
42.31261805455735,-83.08098259710735,0.33082726829581277
42.31840542238586,-83.03596802302573,0.32960882137998493
42.35747015522828,-83.0790254417125,0.32944704943785785
42.351682787399774,-83.04183948921029,0.32904832256531591
42.341554893699886,-83.09859699566104,0.32884859343992545
42.36325752305679,-83.06141104315883,0.32883988991733626
42.32563963217149,-83.02813940144632,0.32873571882860336
42.360363839142536,-83.05162526618456,0.32787712300676292
42.338661209785634,-83.10055415105589,0.32765278838769529
42.315511738471606,-83.09076837408162,0.32740041569586387
42.36325752305679,-83.06336819855368,0.32629649723441895
42.322745948257236,-83.03009655684117,0.32613664198094816
42.36181068109966,-83.06923966473823,0.32516730036928498
42.36325752305679,-83.05945388776396,0.32472655855352844
42.380619626542305,-82.93811025328307,0.32372256709268321
42.3589169971854,-83.04966811078971,0.32359175366394238
42.331427,-83.10251130645074,0.32302155512940833
42.34878910348552,-83.08881121868677,0.32288299669418552
42.32419279021436,-83.10055415105589,0.32238659792081448
42.33721436782851,-83.02813940144632,0.32191684270256937
42.332873841957124,-83.10251130645074,0.32170257255491042
42.32129910630011,-83.09859699566104,0.32148866262371156
42.38206646849944,-82.93811025328307,0.3214705910967266
42.32998015804287,-83.10251130645074,0.32065308614422283
42.380619626542305,-82.94202456407278,0.32005601707177239
42.31261805455735,-83.08293975250221,0.31956577124333463
42.36181068109966,-83.0535824215794,0.31894446773642615
42.34444857761414,-83.03596802302573,0.31827636122565162
42.38206646849944,-82.94202456407278,0.31794444817895334
42.36325752305679,-83.06532535394854,0.31722824964516283
42.33432068391425,-83.10251130645074,0.31671749243593728
42.34010805174276,-83.03009655684117,0.3166526787151267
42.328533316085746,-83.10251130645074,0.31463539359220072
42.36325752305679,-83.05749673236912,0.31416806727288255
42.345895419571264,-83.09468268487133,0.31410559327597787
42.31261805455735,-83.05553957697427,0.31403210891147748
42.351682787399774,-83.08685406329192,0.31165952976961675
42.34444857761414,-83.09663984026618,0.31163803644339394
42.31406489651447,-83.08881121868677,0.31051366155367155
42.34734226152839,-83.09272552947648,0.30930385331698218
42.31406489651447,-83.04966811078971,0.30883043925759579
42.335767525871375,-83.10251130645074,0.30814555720684578
42.34010805174276,-83.10055415105589,0.30801744453174984
42.35747015522828,-83.04771095539485,0.30651701444655444
42.3589169971854,-83.07706828631765,0.30607741590357357
42.360363839142536,-83.07315397552794,0.30518652311833089
42.32708647412862,-83.10251130645074,0.30506327059735006
42.31261805455735,-83.08489690789706,0.30488067865991375
42.37917278458518,-82.94006740867793,0.30412477723392889
42.31695858042873,-83.09468268487133,0.30387267095981718
42.35023594544265,-83.03988233381544,0.30330669881679972
42.315511738471606,-83.04379664460515,0.30305770814885635
42.31840542238586,-83.09663984026618,0.30243933235536347
42.36325752305679,-83.06728250934339,0.30207838808901677
42.34300173565701,-83.09859699566104,0.30197802387710748
42.331427,-83.02618224605146,0.3019449406818091
42.322745948257236,-83.10055415105589,0.30188049967806185
42.383513310456564,-82.94006740867793,0.29925056820557117
42.34734226152839,-83.0379251784206,0.29884968336912954
42.32998015804287,-83.02618224605146,0.29829471987090767
42.315511738471606,-83.09272552947648,0.29814914058879638
42.36325752305679,-83.05553957697427,0.29766860403789386
42.34878910348552,-83.09076837408162,0.29738208289295542
42.36181068109966,-83.0711968201331,0.29718575200049635
42.332873841957124,-83.02618224605146,0.29658593678281064
42.33721436782851,-83.10251130645074,0.29611779771932134
42.31695858042873,-83.0379251784206,0.29439439105296272
42.319852264342984,-83.09859699566104,0.29389295131501936
42.31117121260022,-83.07511113092279,0.29260515637335505
42.31117121260022,-83.07706828631765,0.29246805391532693
42.360363839142536,-83.04966811078971,0.29210457369681181
42.32563963217149,-83.10251130645074,0.29208088609328142
42.354576471314026,-83.04379664460515,0.2907183217609558
42.36181068109966,-83.05162526618456,0.28994932725406325
42.37917278458518,-82.93811025328307,0.28974101230673177
42.31261805455735,-83.0535824215794,0.28944709520397693
42.31117121260022,-83.07315397552794,0.28921513361489803
42.31117121260022,-83.0790254417125,0.288805866092542
42.32419279021436,-83.02813940144632,0.28856428063269007
42.35602331327115,-83.0457538,0.28820522121237296
42.37917278458518,-82.94202456407278,0.28745960628445155
42.31261805455735,-83.08685406329192,0.28698349348985985
42.328533316085746,-83.02618224605146,0.28569853449965549
42.383513310456564,-82.93811025328307,0.28563419446863636
42.31406489651447,-83.09076837408162,0.28544045596813838
42.341554893699886,-83.10055415105589,0.28541694603440348
42.383513310456564,-82.94202456407278,0.28345334630037244
42.35602331327115,-83.08293975250221,0.28327005694967289
42.35023594544265,-83.08881121868677,0.28295160429013699
42.33432068391425,-83.02618224605146,0.28237683998205421
42.31117121260022,-83.0711968201331,0.28234796788041661
42.3589169971854,-83.04771095539485,0.28219974934580855
42.31117121260022,-83.08098259710735,0.28167250581030623
42.3531296293569,-83.04183948921029,0.28158209995996841
42.36325752305679,-83.06923966473823,0.28150321627108338
42.338661209785634,-83.10251130645074,0.28080757848300031
42.338661209785634,-83.02813940144632,0.28074341832328864
42.354576471314026,-83.08489690789706,0.27912933267198914
42.364704365013914,-83.06141104315883,0.27884542740190088
42.32129910630011,-83.10055415105589,0.2784864861867955
42.345895419571264,-83.09663984026618,0.27845032667612213
42.319852264342984,-83.03205371223603,0.27826995445542901
42.34734226152839,-83.09468268487133,0.27733546502763684
42.35747015522828,-83.08098259710735,0.27691014255409951
42.364704365013914,-83.06336819855368,0.27660065713678578
42.380619626542305,-82.93615309788822,0.27623871223333796
42.36325752305679,-83.0535824215794,0.27591724247573396
42.32419279021436,-83.10251130645074,0.27587163734514364
42.364704365013914,-83.05945388776396,0.27521337583727801
42.38206646849944,-82.93615309788822,0.27503381896129286
42.315511738471606,-83.04183948921029,0.27411632125937235
42.31406489651447,-83.04771095539485,0.27321331040965635
42.331427,-83.1044684618456,0.27302385121462602
42.34444857761414,-83.09859699566104,0.27265885058527073
42.380619626542305,-82.94398171946763,0.27231400858829602
42.31117121260022,-83.06923966473823,0.27210206515312618
42.332873841957124,-83.1044684618456,0.27179653155250549
42.31117121260022,-83.08293975250221,0.27116988732730363
42.38206646849944,-82.94398171946763,0.27115399098424153
42.32998015804287,-83.1044684618456,0.27081665534516497
42.31840542238586,-83.03401086763088,0.27058357353980811
42.360363839142536,-83.07511113092279,0.26968563762423065
42.34878910348552,-83.09272552947648,0.26934611497247196
42.31695858042873,-83.09663984026618,0.26870037289787252
42.364704365013914,-83.06532535394854,0.26857029528834825
42.32129910630011,-83.03009655684117,0.26832764243833729
42.31117121260022,-83.06336819855368,0.26816711829430273
42.34878910348552,-83.0379251784206,0.26791542121785983
42.34300173565701,-83.03205371223603,0.26758029806620798
42.33432068391425,-83.1044684618456,0.2671519517727754
42.315511738471606,-83.09468268487133,0.26665126762618996
42.31261805455735,-83.08881121868677,0.26610917527410805
42.364704365013914,-83.05749673236912,0.2658511847394881
42.31117121260022,-83.06532535394854,0.2657985393327027
42.31117121260022,-83.06141104315883,0.26526532214544818
42.36181068109966,-83.07315397552794,0.26526252628944152
42.328533316085746,-83.1044684618456,0.26520589338471512
42.3531296293569,-83.08685406329192,0.26514093573870445
42.32708647412862,-83.02618224605146,0.26443705690385477
42.31840542238586,-83.09859699566104,0.26393159739358629
42.34010805174276,-83.10251130645074,0.26241927665328812
42.351682787399774,-83.03988233381544,0.26185330125241824
42.35747015522828,-83.0457538,0.26104579580967568
42.34300173565701,-83.10055415105589,0.26012296643960631
42.335767525871375,-83.02618224605146,0.25967678599461141
42.31261805455735,-83.05162526618456,0.25961149528021743
42.34444857761414,-83.03401086763088,0.25957708876000807
42.3589169971854,-83.0790254417125,0.25924332546815593
42.335767525871375,-83.1044684618456,0.25915438052365536
42.31117121260022,-83.06728250934339,0.2586174945947497
42.341554893699886,-83.03009655684117,0.25849231940237427
42.31406489651447,-83.09272552947648,0.25784051955699117
42.31117121260022,-83.08489690789706,0.25744095939442557
42.36181068109966,-83.04966811078971,0.25721526406498085
42.31117121260022,-83.05945388776396,0.25710981480562345
42.322745948257236,-83.10251130645074,0.25664658528186046
42.32708647412862,-83.1044684618456,0.25626859156921311
42.36325752305679,-83.0711968201331,0.25625282253048037
42.364704365013914,-83.06728250934339,0.25506586258523201
42.37917278458518,-82.93615309788822,0.25484654307207133
42.35023594544265,-83.09076837408162,0.25470355238369202
42.377725942628054,-82.94006740867793,0.25413615000269812
42.360363839142536,-83.04771095539485,0.25360857341580684
42.319852264342984,-83.10055415105589,0.25247564298325209
42.383513310456564,-82.93615309788822,0.25188449533307322
42.37917278458518,-82.94398171946763,0.25159097554796961
42.364704365013914,-83.05553957697427,0.2511153933788654
42.36325752305679,-83.05162526618456,0.2496704456230926
42.38496015241369,-82.94006740867793,0.24926081754319879
42.383513310456564,-82.94398171946763,0.24870445370617161
42.345895419571264,-83.03596802302573,0.24836655558170284
42.33721436782851,-83.1044684618456,0.24791077538661366
42.31695858042873,-83.03596802302573,0.24568986611186994
42.377725942628054,-82.93811025328307,0.24510664923082215
42.32563963217149,-83.1044684618456,0.24412273719090083
42.31117121260022,-83.05749673236912,0.24372788913276133
42.377725942628054,-82.94202456407278,0.24358792710948443
42.34734226152839,-83.09663984026618,0.24341182327633692
42.315511738471606,-83.03988233381544,0.24316966445700194
42.309724370643096,-83.07511113092279,0.2426299778181783
42.31261805455735,-83.09076837408162,0.24250380656582471
42.309724370643096,-83.07706828631765,0.24250191756003647
42.351682787399774,-83.08881121868677,0.24175791978077976
42.341554893699886,-83.10251130645074,0.24117662954873542
42.345895419571264,-83.09859699566104,0.24117484492680319
42.322745948257236,-83.02813940144632,0.24116123727111216
42.31117121260022,-83.08685406329192,0.24066069781804322
42.38496015241369,-82.93811025328307,0.24055521329593593
42.309724370643096,-83.07315397552794,0.23946260938866737
42.3589169971854,-83.0457538,0.23911040863182492
42.38496015241369,-82.94202456407278,0.23908687530918865
42.309724370643096,-83.0790254417125,0.23908009244114581
42.34878910348552,-83.09468268487133,0.23905524317337701
42.364704365013914,-83.06923966473823,0.23656325924554383
42.32563963217149,-83.02618224605146,0.23497679022508478
42.32129910630011,-83.10251130645074,0.23463295566753162
42.338661209785634,-83.1044684618456,0.23356398085873131
42.315511738471606,-83.09663984026618,0.23318359170102276
42.309724370643096,-83.0711968201331,0.23304063930853292
42.34010805174276,-83.02813940144632,0.23263106498091368
42.309724370643096,-83.08098259710735,0.23240855075477229
42.34444857761414,-83.10055415105589,0.23240172720468055
42.35023594544265,-83.0379251784206,0.23219573013926997
42.31695858042873,-83.09859699566104,0.23188137485998228
42.364704365013914,-83.0535824215794,0.23151028102160426
42.35602331327115,-83.04379664460515,0.23131786593606735
42.36181068109966,-83.07511113092279,0.23019649157396732
42.360363839142536,-83.07706828631765,0.22945537926153647
42.31406489651447,-83.0457538,0.22931793568738101
42.33721436782851,-83.02618224605146,0.229002028595646
42.32419279021436,-83.1044684618456,0.2289199362242742
42.354576471314026,-83.04183948921029,0.22891232425085073
42.36615120697104,-83.06141104315883,0.22884979542644046
42.35023594544265,-83.09272552947648,0.228216978489997
42.31406489651447,-83.09468268487133,0.22798480052817671
42.380619626542305,-82.93419594249337,0.22713239468921514
42.36325752305679,-83.07315397552794,0.22707180195050047
42.36615120697104,-83.06336819855368,0.22684103977453446
42.38206646849944,-82.93419594249337,0.22632134728780068
42.36615120697104,-83.05945388776396,0.22559856419986596
42.31117121260022,-83.05553957697427,0.22516080573370134
42.31261805455735,-83.04966811078971,0.22463898687374206
42.31840542238586,-83.10055415105589,0.22411110467772
42.309724370643096,-83.06923966473823,0.22344480827327007
42.380619626542305,-82.94593887486249,0.22315368166963123
42.34734226152839,-83.03596802302573,0.22304429322025365
42.331427,-83.10642561724045,0.2230258253192885
42.35602331327115,-83.08489690789706,0.22278751559778698
42.309724370643096,-83.08293975250221,0.22257095076142352
42.38206646849944,-82.94593887486249,0.22236362927168268
42.332873841957124,-83.10642561724045,0.22187847417222151
42.36181068109966,-83.04771095539485,0.22150529597138618
42.35747015522828,-83.08293975250221,0.22113125282447421
42.31117121260022,-83.08881121868677,0.22102626855321517
42.32998015804287,-83.10642561724045,0.2209591621561976
42.377725942628054,-82.93615309788822,0.21984446116270093
42.36325752305679,-83.04966811078971,0.21966101880007149
42.36615120697104,-83.06532535394854,0.21963796188821011
42.33432068391425,-83.10642561724045,0.2175312469269417
42.34300173565701,-83.10251130645074,0.21731200888313063
42.377725942628054,-82.94398171946763,0.21730206224351703
42.36615120697104,-83.05749673236912,0.21719308635544526
42.31261805455735,-83.09272552947648,0.21641416558946147
42.34010805174276,-83.1044684618456,0.21628440051890607
42.38496015241369,-82.93615309788822,0.21600950720723239
42.328533316085746,-83.10642561724045,0.21570389158216974
42.3531296293569,-83.03988233381544,0.21543765210742949
42.35747015522828,-83.04379664460515,0.21469090144094566
42.354576471314026,-83.08685406329192,0.2143670409166587
42.364704365013914,-83.0711968201331,0.21362985862941059
42.38496015241369,-82.94398171946763,0.21352712820223291
42.360363839142536,-83.0457538,0.21303150780829344
42.37917278458518,-82.93419594249337,0.2119980575866369
42.351682787399774,-83.09076837408162,0.21116436936537542
42.322745948257236,-83.1044684618456,0.21083684016020876
42.309724370643096,-83.06728250934339,0.21079087876135849
42.319852264342984,-83.10251130645074,0.21006384705312775
42.335767525871375,-83.10642561724045,0.21003696930916982
42.383513310456564,-82.93419594249337,0.209797188302384
42.309724370643096,-83.08489690789706,0.20968551408446257
42.3589169971854,-83.08098259710735,0.20876335819630942
42.37917278458518,-82.94593887486249,0.20837658680906324
42.34734226152839,-83.09859699566104,0.20778406720751175
42.34444857761414,-83.03205371223603,0.20766089702681312
42.345895419571264,-83.03401086763088,0.20764337160814661
42.364704365013914,-83.05162526618456,0.20761440687293198
42.36615120697104,-83.06728250934339,0.20746733007068052
42.32708647412862,-83.10642561724045,0.20732343034897815
42.34878910348552,-83.09663984026618,0.20676774704723211
42.383513310456564,-82.94593887486249,0.20622270489182723
42.31840542238586,-83.03205371223603,0.20608858121072693
42.319852264342984,-83.03009655684117,0.20498843479043383
42.315511738471606,-83.0379251784206,0.20472856737507816
42.40087541394208,-82.92636732091395,0.20453704173295104
42.37627910067093,-82.94006740867793,0.20414093330301786
42.36615120697104,-83.05553957697427,0.20389405181508424
42.345895419571264,-83.10055415105589,0.20250630608167963
42.331427,-83.02422509065661,0.20206976825085554
42.40232225589921,-82.92636732091395,0.20164696913502
42.31117121260022,-83.0535824215794,0.20146891089879782
42.34300173565701,-83.03009655684117,0.19984861132658305
42.33721436782851,-83.10642561724045,0.1994840226927076
42.35023594544265,-83.09468268487133,0.19948153320484829
42.386406994370816,-82.94006740867793,0.19926529145714328
42.31406489651447,-83.04379664460515,0.19909543233493199
42.31117121260022,-83.09076837408162,0.19874746545979627
42.32998015804287,-83.02422509065661,0.19867768968831379
42.315511738471606,-83.09859699566104,0.19799267390072151
42.32419279021436,-83.02618224605146,0.19792015198460777
42.37627910067093,-82.93811025328307,0.19761434871508896
42.332873841957124,-83.02422509065661,0.19720114179752979
42.37627910067093,-82.94202456407278,0.19649537886823804
42.3531296293569,-83.08881121868677,0.19637771835635009
42.341554893699886,-83.1044684618456,0.19626116799158555
42.31406489651447,-83.09663984026618,0.19612459711990915
42.32563963217149,-83.10642561724045,0.19591548814098558
42.309724370643096,-83.06532535394854,0.19522309011287842
42.3589169971854,-83.04379664460515,0.19475582034684424
42.36325752305679,-83.07511113092279,0.19463747079653471
42.309724370643096,-83.08685406329192,0.19389838538319115
42.31695858042873,-83.10055415105589,0.19364121430441772
42.34878910348552,-83.03596802302573,0.19297692650698139
42.386406994370816,-82.93811025328307,0.1929127596815387
42.30827752868597,-83.07511113092279,0.19265172557960597
42.36181068109966,-83.07706828631765,0.19263589190917985
42.30827752868597,-83.07706828631765,0.19253158880996224
42.386406994370816,-82.94202456407278,0.19182241705449107
42.351682787399774,-83.0379251784206,0.19169494679552368
42.34444857761414,-83.10251130645074,0.19105743396747277
42.338661209785634,-83.02618224605146,0.19097355502308788
42.31695858042873,-83.03401086763088,0.19068964299367119
42.36615120697104,-83.06923966473823,0.19068351268726691
42.32129910630011,-83.1044684618456,0.19006634795212107
42.30827752868597,-83.07315397552794,0.18967961968649327
42.30827752868597,-83.0790254417125,0.18932058411980879
42.31261805455735,-83.09468268487133,0.18807970030317478
42.32129910630011,-83.02813940144632,0.18738506020655354
42.328533316085746,-83.02422509065661,0.18707600529720214
42.364704365013914,-83.07315397552794,0.18685669800267346
42.36325752305679,-83.04771095539485,0.18654529484543447
42.351682787399774,-83.09272552947648,0.18609400739464776
42.36615120697104,-83.0535824215794,0.1860795067859814
42.338661209785634,-83.10642561724045,0.18599135770339237
42.360363839142536,-83.0790254417125,0.18500807667985042
42.31261805455735,-83.04771095539485,0.18468417493275302
42.377725942628054,-82.93419594249337,0.18465148371278567
42.341554893699886,-83.02813940144632,0.18448510520207573
42.33432068391425,-83.02422509065661,0.18419186458449432
42.30827752868597,-83.0711968201331,0.18364904440999408
42.36181068109966,-83.0457538,0.18343345422381085
42.31840542238586,-83.10251130645074,0.18316982259469916
42.30827752868597,-83.08098259710735,0.18305515670084782
42.35602331327115,-83.04183948921029,0.18174401189256206
42.32419279021436,-83.10642561724045,0.18160665930575326
42.377725942628054,-82.94593887486249,0.18153669180151277
42.38496015241369,-82.93419594249337,0.18151031634188622
42.364704365013914,-83.04966811078971,0.18001634477188633
42.367598048928166,-83.06141104315883,0.17885332906408324
42.38496015241369,-82.94593887486249,0.17844521604568353
42.37627910067093,-82.93615309788822,0.17830931630086427
42.31406489651447,-83.04183948921029,0.1779767647305629
42.380619626542305,-82.93223878709851,0.17760043149222227
42.367598048928166,-83.06336819855368,0.17703576907993135
42.38206646849944,-82.93223878709851,0.17699142043144186
42.309724370643096,-83.06336819855368,0.17690676183774012
42.37627910067093,-82.94398171946763,0.17629306437075395
42.367598048928166,-83.05945388776396,0.17591085821596308
42.309724370643096,-83.08881121868677,0.17537620340790616
42.40087541394208,-82.92832447630882,0.17531420874088294
42.30827752868597,-83.06923966473823,0.17462703701393611
42.386406994370816,-82.93615309788822,0.17405799951470316
42.31117121260022,-83.09272552947648,0.17403824223588438
42.40232225589921,-82.92832447630882,0.17395928101004604
42.309724370643096,-83.06141104315883,0.17380524477648729
42.30827752868597,-83.08293975250221,0.17380479301306595
42.34300173565701,-83.1044684618456,0.17369371352879381
42.380619626542305,-82.94789603025734,0.17360228716274673
42.345895419571264,-83.03205371223603,0.17328612868559712
42.331427,-83.1083827726353,0.17302753586713471
42.38206646849944,-82.94789603025734,0.17300531958424256
42.31117121260022,-83.05162526618456,0.17273735829994796
42.34878910348552,-83.09859699566104,0.1727173685931368
42.386406994370816,-82.94398171946763,0.17208394889432166
42.332873841957124,-83.1083827726353,0.1719505736176753
42.32998015804287,-83.1083827726353,0.17108440716490558
42.360363839142536,-83.04379664460515,0.17084981260745824
42.40087541394208,-82.9244101655191,0.17067654338243207
42.34734226152839,-83.10055415105589,0.17067179288684631
42.367598048928166,-83.06532535394854,0.17050697953324234
42.36615120697104,-83.0711968201331,0.16972244933284553
42.34010805174276,-83.10642561724045,0.16970227671860871
42.34444857761414,-83.03009655684117,0.16957687426170565
42.34734226152839,-83.03401086763088,0.16954303549588534
42.40232225589921,-82.9244101655191,0.16942849353970896
42.35023594544265,-83.09663984026618,0.16873040175121423
42.367598048928166,-83.05749673236912,0.16828703093069863
42.33432068391425,-83.1083827726353,0.16786524628549615
42.35747015522828,-83.04183948921029,0.16768212977265806
42.32708647412862,-83.02422509065661,0.16748340348903823
42.3531296293569,-83.09076837408162,0.16689946019249535
42.319852264342984,-83.1044684618456,0.16680941654009884
42.328533316085746,-83.1083827726353,0.16614230029002219
42.37917278458518,-82.93223878709851,0.16599309224506623
42.309724370643096,-83.05945388776396,0.16595870322856054
42.322745948257236,-83.10642561724045,0.16454598108740448
42.383513310456564,-82.93223878709851,0.16427109476599036
42.36615120697104,-83.05162526618456,0.16419771270299877
42.354576471314026,-83.03988233381544,0.16413938730741351
42.335767525871375,-83.02422509065661,0.16331899658690485
42.30827752868597,-83.06728250934339,0.16271029222233191
42.345895419571264,-83.10251130645074,0.16263767779699789
42.31406489651447,-83.09859699566104,0.16248863899907251
42.35747015522828,-83.08489690789706,0.16230579507907306
42.37917278458518,-82.94789603025734,0.16221110248575971
42.34010805174276,-83.02618224605146,0.16208150064329863
42.30827752868597,-83.08489690789706,0.1616682968604205
42.315511738471606,-83.10055415105589,0.16129540093941286
42.335767525871375,-83.1083827726353,0.16081548878915453
42.383513310456564,-82.94789603025734,0.16051948357625048
42.36325752305679,-83.07706828631765,0.15953270936879171
42.35602331327115,-83.08685406329192,0.15946545865351502
42.315511738471606,-83.03596802302573,0.15946084214779965
42.367598048928166,-83.06728250934339,0.15943690383966991
42.351682787399774,-83.09468268487133,0.1587968685736576
42.31406489651447,-83.03988233381544,0.15875478328309189
42.34300173565701,-83.02813940144632,0.15853626939332555
42.32708647412862,-83.1083827726353,0.15825403689987194
42.35023594544265,-83.03596802302573,0.15821353868632893
42.31261805455735,-83.09663984026618,0.1577269311224575
42.364704365013914,-83.07511113092279,0.15680882746413771
42.367598048928166,-83.05553957697427,0.15617785480052926
42.3589169971854,-83.08293975250221,0.15491714030900627
42.399428571984956,-82.92636732091395,0.15463155277853294
42.31261805455735,-83.0457538,0.15457678175902512
42.309724370643096,-83.09076837408162,0.15429865491030026
42.31695858042873,-83.10251130645074,0.1541726231005337
42.3748322587138,-82.94006740867793,0.1541435675847298
42.322745948257236,-83.02618224605146,0.15394918135505709
42.36181068109966,-83.0790254417125,0.15309227306018525
42.309724370643096,-83.05749673236912,0.15306883583969411
42.40376909785634,-82.92636732091395,0.15172796521304896
42.36325752305679,-83.0457538,0.1508826096521092
42.33721436782851,-83.1083827726353,0.15087513339777026
42.341554893699886,-83.10642561724045,0.15077768012001969
42.37627910067093,-82.93419594249337,0.14945936748877325
42.3589169971854,-83.04183948921029,0.14944040635906131
42.364704365013914,-83.04771095539485,0.14927004031970059
42.38785383632794,-82.94006740867793,0.14926779843572929
42.3748322587138,-82.93811025328307,0.14904565800999725
42.34444857761414,-83.1044684618456,0.1487843705495272
42.3748322587138,-82.94202456407278,0.14816433397016246
42.30827752868597,-83.06532535394854,0.14802026852255457
42.32563963217149,-83.1083827726353,0.14750139640319804
42.33721436782851,-83.02422509065661,0.14741713067379747
42.31117121260022,-83.09468268487133,0.14710980905667725
42.354576471314026,-83.08881121868677,0.14690399658402842
42.37627910067093,-82.94593887486249,0.1468208337087005
42.30827752868597,-83.08685406329192,0.14676881778449968
42.3531296293569,-83.0379251784206,0.14645685036903022
42.386406994370816,-82.93419594249337,0.14574273760501416
42.36615120697104,-83.07315397552794,0.14505530196433991
42.32129910630011,-83.10642561724045,0.14489814929149825
42.38785383632794,-82.93811025328307,0.14427782522848931
42.367598048928166,-83.06923966473823,0.14409564386291362
42.377725942628054,-82.93223878709851,0.14399018372701661
42.31261805455735,-83.04379664460515,0.14389163523492088
42.36181068109966,-83.04379664460515,0.14348224106893093
42.38785383632794,-82.94202456407278,0.14341469034194104
42.386406994370816,-82.94593887486249,0.14314660186676215
42.3531296293569,-83.09272552947648,0.14312375617642303
42.306830686728844,-83.07511113092279,0.1426709372013274
42.306830686728844,-83.07706828631765,0.14255780064252099
42.38496015241369,-82.93223878709851,0.14139537897956264
42.31840542238586,-83.1044684618456,0.14126804194310372
42.399428571984956,-82.92832447630882,0.14073536373828965
42.377725942628054,-82.94789603025734,0.14056022749099845
42.341554893699886,-83.02618224605146,0.14050993530059963
42.32563963217149,-83.02422509065661,0.14026539439609065
42.367598048928166,-83.0535824215794,0.13987295039800285
42.306830686728844,-83.07315397552794,0.13987145438447302
42.306830686728844,-83.0790254417125,0.13953319358513439
42.31117121260022,-83.04966811078971,0.1390811239841494
42.36615120697104,-83.04966811078971,0.13872219580281542
42.40376909785634,-82.92832447630882,0.13828012129869258
42.338661209785634,-83.1083827726353,0.13814419186412596
42.38496015241369,-82.94789603025734,0.13800309162940033
42.399428571984956,-82.9244101655191,0.13785511369476422
42.360363839142536,-83.08098259710735,0.13780077853474171
42.31406489651447,-83.0379251784206,0.13728492400816739
42.34878910348552,-83.10055415105589,0.13711277780886122
42.345895419571264,-83.03009655684117,0.13705644197495359
42.34734226152839,-83.03205371223603,0.13703985258467055
42.31840542238586,-83.03009655684117,0.1369577770908561
42.35023594544265,-83.09859699566104,0.13617882629396083
42.40376909785634,-82.9244101655191,0.1354762779057738
42.309724370643096,-83.05553957697427,0.13518163988134024
42.31695858042873,-83.03205371223603,0.13438178997598949
42.306830686728844,-83.0711968201331,0.13418760436990551
42.32419279021436,-83.1083827726353,0.13399106726151955
42.306830686728844,-83.08098259710735,0.13362760834332499
42.3748322587138,-82.93615309788822,0.13356634843639278
42.338661209785634,-83.02422509065661,0.13330450886787992
42.35602331327115,-83.03988233381544,0.13306401976411086
42.34734226152839,-83.10251130645074,0.13226545421061864
42.3748322587138,-82.94398171946763,0.13191830475241034
42.309724370643096,-83.09272552947648,0.13085162911547743
42.30827752868597,-83.06336819855368,0.13069754842781767
42.34444857761414,-83.02813940144632,0.13001872103855672
42.34878910348552,-83.03401086763088,0.1299696877827754
42.31261805455735,-83.04183948921029,0.12984934147382132
42.351682787399774,-83.09663984026618,0.12948240528819555
42.34300173565701,-83.10642561724045,0.12938941677591143
42.30827752868597,-83.08881121868677,0.12924817687107704
42.38785383632794,-82.93615309788822,0.1290994386710502
42.36904489088529,-83.06141104315883,0.12885624654406225
42.40087541394208,-82.93028163170366,0.12809011358041603
42.319852264342984,-83.02813940144632,0.12805276569688284
42.380619626542305,-82.93028163170366,0.12789689179324576
42.38785383632794,-82.94398171946763,0.12748126495613901
42.360363839142536,-83.04183948921029,0.12741657571096476
42.38206646849944,-82.93028163170366,0.12741029745597157
42.40232225589921,-82.93028163170366,0.12736845105149042
42.31406489651447,-83.10055415105589,0.12728222343331119
42.36904489088529,-83.06336819855368,0.12719670532292238
42.315511738471606,-83.03401086763088,0.12710433565395529
42.36904489088529,-83.05945388776396,0.12616911658296359
42.306830686728844,-83.06923966473823,0.1256756378515399
42.31261805455735,-83.09859699566104,0.12556600686355202
